week,collection_date,views_count,views_uniques,clones_count,clones_uniques,collected_at
2025-W29,7/15/2025,0,0,24,22,2025-07-15T02:00:00Z
2025-W30,7/22/2025,0,0,10,10,2025-07-22T02:00:00Z
2025-W31,7/29/2025,0,0,8,7,2025-07-29T02:00:00Z
2025-W32,8/5/2025,0,0,5,5,2025-08-05T02:00:00Z
2025-W33,8/12/2025,0,0,3,3,2025-08-12T02:00:00Z
2025-W34,8/19/2025,0,0,2,2,2025-08-19T02:00:00Z
2025-W35,8/25/2025,92,1,59,35,2025-09-02T16:06:24Z
2025-W42,2025-10-20,16,3,15,10,2025-10-31T16:27:00.718949+00:00
2025-W42,2025-10-20,33,3,33,19,2025-10-31T18:30:12.858910+00:00
